text,original_text
巨人vsソフトバンクとか日シリ史上最もつまらん組み合わせやからな歴代の視聴率見ても露骨に数字悪いし中日vs西武の試合の方がまだ楽しめる,そうなったら連敗記録以外何も見所ないから試合も見なくて良くなる
ほんとロッテ使えねえ何がCS1St最強だよシーズン通りハムにやられてるだけじゃん,ロッテ吉井「オスナ取られたし多少はね」
まさかロッテファンは日ハム憎しから便器を応援したりしないよな？,今はヘイトはハムじゃなくて吉井に向いてるやろ
巨人vsソフトバンクとか日シリ史上最もつまらん組み合わせやからな歴代の視聴率見ても露骨に数字悪いし中日vs西武の試合の方がまだ楽しめる,言うてdeだったとしても2017の再来だとしても盛り上がり欠けそうよな
日ハムもソフトバンクも応援されてねえよみんなドジャースの応援してるよ現実見ろ,ワイはパドレス応援してたで
柳田消えてて打線の核が外様の近藤山川のチーム誰が応援すんねん,柳田いる定期
便器呼びが嫌でオカソフとかいう謎の造語を流行らせようとしているらしいな,フトベンな
柳田消えてて打線の核が外様の近藤山川のチーム誰が応援すんねん,柳田帰ってきてない?
柳田消えてて打線の核が外様の近藤山川のチーム誰が応援すんねん,チュニドラから貸してもらった戦力で2位に滑り込んだチームも大して変わらんな
いや正直どっちも嫌いな奴の方が多いやろパでも特にアンチ多い2球団じゃん,パは1番かつてアンチおらんかったオリが三連覇とモレルで目立ったせいで全球団がいがみあうカオスに陥ったな
でも巨人vsソフトバンクの日本シリーズになったらどっち応援すんの？お前らは,ドジャース
いや正直どっちも嫌いな奴の方が多いやろパでも特にアンチ多い2球団じゃん,たまに勘違いしてる奴がいるけどエッヂは12球団が嫌われてるし叩かれてる
常勝球団の宿命やろ寧ろ誇らしく思っとけや,悪評は無名に勝るの究極よななにかで目立たないのアンチすらわかないんだから
でも巨人vsソフトバンクの日本シリーズになったらどっち応援すんの？お前らは,結局それを避けたいがために他を応援してるんじゃないの？
フトベンな,これちゃんと略称になってないからマジで嫌いタマブラはちゃんと略せてるから面白いんだよ
チュニドラから貸してもらった戦力で2位に滑り込んだチームも大して変わらんな,いつ返してくれるんですかね…？
でも巨人vsソフトバンクの日本シリーズになったらどっち応援すんの？お前らは,最近の巨人まともやしなソフトバンクみたいに違法行為や強奪はしてない
でも巨人vsソフトバンクの日本シリーズになったらどっち応援すんの？お前らは,連敗記録が途絶えるまではソフトバンクやね
でも巨人vsソフトバンクの日本シリーズになったらどっち応援すんの？お前らは,ドジャース
便器呼びが嫌でオカソフとかいう謎の造語を流行らせようとしているらしいな,オカマのソフトボール派生なのにそっちのがええんか
ワイホークスファン、ドジャース応援してるくせにホークスのことはボロクソに言うダブスタ野郎がムカつく,ドジャースは同地区から強奪しまくったりしてないぞあとソフトバンクには大谷いないし
小久保裕紀もイライラしてるで【#小久保監督】ーＣＳに向けて日本ハムに連敗は心配では？「連敗続いたら、次勝つでしょ。ていうか（ＣＳに）ハム来るかどうか分からんやんやないですか。みんなハム来る想定やけど。それはそれで全くの別物なんで」#sbhawks #日本ハム,いつも冷静な小久保のこのコメントでワイもなんか潮目変わったなって思ったわ日本一になるその瞬間まで冷静でいられると思ってたから、小久保は案の定ハムが進んだし
柳田消えてて打線の核が外様の近藤山川のチーム誰が応援すんねん,近藤も怪我して消えたぞ
ホークスファンはそんなんでイライラしないぞ,便器って謎のホークス呼びに拘るからすぐ正体バレるよな先日も日ハムファンのなりすましして貶めようとしてたけどホークス呼びしてて速攻バレてた
近藤も怪我して消えたぞ,近藤戻ってきてるぞ
日ハムもソフトバンクも応援されてねえよみんなドジャースの応援してるよ現実見ろ,ダニ信さあみんながみんなオオダニ好きなわけやないで？
でも巨人vsソフトバンクの日本シリーズになったらどっち応援すんの？お前らは,見るわけないじゃん
日ハムの主人公感は異常,うん公がなんか言ってて草
オールスター見りゃ分かるやろハムファン以外のハム選手ファンはいるけど便器ファン以外の便器選手ファンがおらんのと便器選手見たくない奴が2位に入れたからああなったんや,ほんそれなホカウンは主人公やから11球団に好かれてんねん
でも巨人vsソフトバンクの日本シリーズになったらどっち応援すんの？お前らは,結果だけ見る
オカソフ唯一カマソフしてない球団だからすき,どのオカソフやねん
試合間隔あいて大変よなハムは伊藤の後誰投げるんや？加藤いけるんか？,そこだけ福島とかブルペンデーで濁すんじゃないそしたら山崎(中4)加藤(中6)金村(中6)でつながるし
でも巨人vsソフトバンクの日本シリーズになったらどっち応援すんの？お前らは,どっちも応援せず負けたほうを煽るやろ
ホカウンvs便器のほこたて対決ウンコが詰まるか流れるか,煽りカス「うん公www便器wwwww」エスコン商品担当「はい便器ソフト一丁！」https://dec.2chan.net/up2/src/fu4120019.jpeg煽りカス「」
いつ返してくれるんですかね…？,債権者がなぜか飛んだので時効や
ダニ信さあみんながみんなオオダニ好きなわけやないで？,その大谷好きじゃない奴が大谷の出身の日ハム応援する訳ないやん語るに落ちてるで
煽りカス「うん公www便器wwwww」エスコン商品担当「はい便器ソフト一丁！」https://dec.2chan.net/up2/src/fu4120019.jpeg煽りカス「」,草
煽りカス「うん公www便器wwwww」エスコン商品担当「はい便器ソフト一丁！」https://dec.2chan.net/up2/src/fu4120019.jpeg煽りカス「」,草
まぁほんとにやばいのは日本シリーズ自体オワコン化してる事なんですけどね,現地は客はいってるしわざわざテレビで見るやつあんまおらんだけやろネット配信でええねん
煽りカス「うん公www便器wwwww」エスコン商品担当「はい便器ソフト一丁！」https://dec.2chan.net/up2/src/fu4120019.jpeg煽りカス「」,なんだよこれ&#128552;
ワイ鷹ファンやが、小学低学年の王監督時代から応援してるし地元福岡だから応援してるんだが？金満とかしらない,現実見ろよ便さん
煽りカス「うん公www便器wwwww」エスコン商品担当「はい便器ソフト一丁！」https://dec.2chan.net/up2/src/fu4120019.jpeg煽りカス「」,草
煽りカス「うん公www便器wwwww」エスコン商品担当「はい便器ソフト一丁！」https://dec.2chan.net/up2/src/fu4120019.jpeg煽りカス「」,草
煽りカス「うん公www便器wwwww」エスコン商品担当「はい便器ソフト一丁！」https://dec.2chan.net/up2/src/fu4120019.jpeg煽りカス「」,便器に乗ったうんこって近藤やん
直近でオリックスとヤクルトが連続最下位から連覇やってるのにたてなおした新庄すげぇ！ってやってるのは電通仕草よね,オリックスとヤクルトはすでに柱の選手がいたからな
柳田消えてて打線の核が外様の近藤山川のチーム誰が応援すんねん,エースもクローザーも同一リーグの外様やぞ
ワイホークスファン、ドジャース応援してるくせにホークスのことはボロクソに言うダブスタ野郎がムカつく,どっちも大嫌い今すぐ死ねや近藤今すぐ死ねや大谷
煽りカス「うん公www便器wwwww」エスコン商品担当「はい便器ソフト一丁！」https://dec.2chan.net/up2/src/fu4120019.jpeg煽りカス「」,ハムの煽りカス草
煽りカス「うん公www便器wwwww」エスコン商品担当「はい便器ソフト一丁！」https://dec.2chan.net/up2/src/fu4120019.jpeg煽りカス「」,ワイらが必死で煽りあいしてるのまるでバカやん
日ハムもソフトバンクも応援されてねえよみんなドジャースの応援してるよ現実見ろ,今すぐ死ねや売国奴
ワイホークスファン、ドジャース応援してるくせにホークスのことはボロクソに言うダブスタ野郎がムカつく,ドジャース負けろ
煽りカス「うん公www便器wwwww」エスコン商品担当「はい便器ソフト一丁！」https://dec.2chan.net/up2/src/fu4120019.jpeg煽りカス「」,うんち飛び散ってて汚い
&#128701;と&#128169;なら流されるやろうな,でもテマンズに勝ったウンコホカホカやから詰まる可能性もある
便器って明らかに嫌われてるのに何故か自分らは好かれてると思ってるよなヒール役に徹するくらいしたらええのに,読売との違いはそこだよな読売は嫌われ者の自覚あったし堂々と悪やってた
巨人とか阿部慎之助のおかげで今はネタ球団化して嫌われてないやろ,最後に強奪したのも遥か昔やしな長嶋時代みたいなアンチを産むようなムーブはしてないな
煽りカス「うん公www便器wwwww」エスコン商品担当「はい便器ソフト一丁！」https://dec.2chan.net/up2/src/fu4120019.jpeg煽りカス「」,店員になんて頼むんだよこれ
でも巨人vsソフトバンクの日本シリーズになったらどっち応援すんの？お前らは,読売
煽りカス「うん公www便器wwwww」エスコン商品担当「はい便器ソフト一丁！」https://dec.2chan.net/up2/src/fu4120019.jpeg煽りカス「」,うんち！ｗ
昨季ロッテは劇的な勝ち方してその勢いで山本すら滅多打ちしとったよなハムも劇的な勝ち方してその勢いで有原すら滅多打ちするんやないかと思うわあとは伊藤が抑えられるか次第や,別に平時でも有原得意やろ
店員になんて頼むんだよこれ,うんちください！
ワイホークスファン、ドジャース応援してるくせにホークスのことはボロクソに言うダブスタ野郎がムカつく,×ホークスファン◯便器な？
その大谷好きじゃない奴が大谷の出身の日ハム応援する訳ないやん語るに落ちてるで,大谷なんて近藤や有原と同じ裏切り者だろ
最後に強奪したのも遥か昔やしな長嶋時代みたいなアンチを産むようなムーブはしてないな,丸もだいたい里帰りFAやしね
そこだけ福島とかブルペンデーで濁すんじゃないそしたら山崎(中4)加藤(中6)金村(中6)でつながるし,どうせ2戦目モイネロとかやろうし捨てゲーしておくのも悪くないよな
日ハムや横浜を応援するじゃなくてソフトバンクや巨人が負けるのをみたいだけだよね贔屓が負けたらどうでもいいと思ってるのがほとんどでしょ,せやで
大谷なんて近藤や有原と同じ裏切り者だろ,その理論やと田中賢介も裏切り者になるがええんか
でも巨人vsソフトバンクの日本シリーズになったらどっち応援すんの？お前らは,見るわけないだろ
巨人とか阿部慎之助のおかげで今はネタ球団化して嫌われてないやろ,阿部巨人はどうでもいいけど、アジアの盟主としてちゃんとやることやってるからすごいわ
アドバンテージありホーム開催柳田帰還先発、中継ぎ盤石これでSB敗退の声が上がってるのか理解不能,怪我人病み上がり多過ぎや
店員になんて頼むんだよこれ,調べたら原宿にあるうんちっちソフトクリームがエスコンに出店してたみたいや
Twitterが山川擁護一色なのほんま怖い西武ファンでもないやつがネチネチ言ってるのがイラつくのは分かるけどにしてもやろ,Xなら木刀ですら主流派になれるからね
フトベンな,ﾌﾄﾍﾞﾝｰ
Twitterが山川擁護一色なのほんま怖い西武ファンでもないやつがネチネチ言ってるのがイラつくのは分かるけどにしてもやろ,あそこの野球ファンはイキらないと誰も見てくれない相手にしてくれないからしゃあない
煽りカス「うん公www便器wwwww」エスコン商品担当「はい便器ソフト一丁！」https://dec.2chan.net/up2/src/fu4120019.jpeg煽りカス「」,近藤健介定期
直近でオリックスとヤクルトが連続最下位から連覇やってるのにたてなおした新庄すげぇ！ってやってるのは電通仕草よね,ここ数年のハムの順位中日と全く変わらんからそりゃね
有原―伊藤モイ―平原スチ―山崎大関―加藤大津―金村石川―北山有原―伊藤こんな感じやろか,これ無理じゃね…？
有原―伊藤モイ―平原スチ―山崎大関―加藤大津―金村石川―北山有原―伊藤こんな感じやろか,七試合目は無いぞ
その理論やと田中賢介も裏切り者になるがええんか,実際そうだろ小笠原と同じ裏切り者
別に平時でも有原得意やろ,有原ってオリックスとロッテカモってるだけやし
Twitterが山川擁護一色なのほんま怖い西武ファンでもないやつがネチネチ言ってるのがイラつくのは分かるけどにしてもやろ,そうでないやつはソフトバンクに圧力かけられて消されたんだろ
Twitterが山川擁護一色なのほんま怖い西武ファンでもないやつがネチネチ言ってるのがイラつくのは分かるけどにしてもやろ,寧ろ5chやここが天邪鬼なだけちゃうか山川が根っから悪い奴やとは全く思わんわ
寧ろ5chやここが天邪鬼なだけちゃうか山川が根っから悪い奴やとは全く思わんわ,権威主義者なだけやろどっかどうみても性犯罪やりそうな面だろあの豚
オールスター便さん組織票ガー言うてたけど嫌われてることから目を逸らしとるだけよな,おハムが？
煽りカス「うん公www便器wwwww」エスコン商品担当「はい便器ソフト一丁！」https://dec.2chan.net/up2/src/fu4120019.jpeg煽りカス「」,これこそ福岡のうんこミュージアムに出せや
有原―伊藤モイ―平原スチ―山崎大関―加藤大津―金村石川―北山有原―伊藤こんな感じやろか,対戦成績悪い有原2回ぶつけんやろモイネロかスチュワートだと思う
ハムファン最近イキっててウザいけど有原近藤が日ハムに負けて日本シリーズ逃す所が見たいからハム応援する,ハムがウザいとかじゃなくて便器がみたいな邪悪が負けるのが面白いからハム応援やろ
ぶっちゃけファーストステージ突破しただけで泣くのはキモいよな,監督が整形しててキモいしファンはゆあたそ～とか言っててキモいから今更ええやろ
下克上大好きやからな,いうて順位逆でも応援されてないやろ
でもマジな話便器は叩かれすぎて7割くらいはここから出ていったやろな優勝スレが全然伸びてなかったし,勝ったときは集合しないからな
寧ろ5chやここが天邪鬼なだけちゃうか山川が根っから悪い奴やとは全く思わんわ,子供好きアピールしながら3年間人妻狙い続けてレイプした人間の屑定期
煽りカス「うん公www便器wwwww」エスコン商品担当「はい便器ソフト一丁！」https://dec.2chan.net/up2/src/fu4120019.jpeg煽りカス「」,ホカウンやん
ちなみに今シーズンのソフトバンクさんの誇る2枚看板のハム戦成績がこちらや有原　5試合 0勝2敗 4.11モイネロ　3試合　1勝2敗　4.80,打ち込まれとるやん
日ハムは清宮万波吉田とか甲子園のスター揃ってるから主人公感強いんだよな,吉田はもう…
セリーグはこのハムファンのノリ耐えれる？https://i.imgur.com/bTKohW9.jpeghttps://i.imgur.com/RPQdsyQ.jpeghttps://i.imgur.com/HW32mDI.jpeg,近藤のイケメンとか渡辺の不敬とか割とこいつらもまあまあだよな
日ハムは9回になると打ち出すから怖いわうちの抑えが則本だったのもあるがただファンからしたら応援してて楽しいやろな,則本いくらなんでもハム苦手すぎやろしゃぶられてるんか
煽りカス「うん公www便器wwwww」エスコン商品担当「はい便器ソフト一丁！」https://dec.2chan.net/up2/src/fu4120019.jpeg煽りカス「」,直球すぎて草
アドバンテージありホーム開催柳田帰還先発、中継ぎ盤石これでSB敗退の声が上がってるのか理解不能,中継ぎ盤石？松本裕樹とオスナどうなん？
Twitterが山川擁護一色なのほんま怖い西武ファンでもないやつがネチネチ言ってるのがイラつくのは分かるけどにしてもやろ,どうせ全体の6%程度やろソースは楽天
煽りカス「うん公www便器wwwww」エスコン商品担当「はい便器ソフト一丁！」https://dec.2chan.net/up2/src/fu4120019.jpeg煽りカス「」,草
日ハムは清宮万波吉田とか甲子園のスター揃ってるから主人公感強いんだよな,吉田！？来年正尚ハム入りか！？
ここにいる奴はソフバンもドジャカスも叩いてるよな？,大谷ですらタコると叩くぞ森羅万象を叩く
ハムがウザいとかじゃなくて便器がみたいな邪悪が負けるのが面白いからハム応援やろ,普通にホカウンはうざいぞ
どっちも応援せず負けたほうを煽るやろ,これメンス
ちなみに今シーズンのソフトバンクさんの誇る2枚看板のハム戦成績がこちらや有原　5試合 0勝2敗 4.11モイネロ　3試合　1勝2敗　4.80,昨日までの試合見りゃ分かるだろうけどシーズン中の相性なんてあてにならん
いつかのハムソフトバンク戦で試合後の敗戦スレをソフトバンクアンチの奴に立てられて気付かずに伸ばしてたら途中で煽られてソフトバンクファンきれてたのは笑った,アンチキモ過ぎて笑うな
日ハムは9回になると打ち出すから怖いわうちの抑えが則本だったのもあるがただファンからしたら応援してて楽しいやろな,連覇時のオリも抑え打つの得意やったよなしかし伊藤はプレッシャーエグそうやけどWBC見る限り鋼鉄メンタルぽいから大丈夫やろな昨日や一昨日の北山や金村はプレッシャーに負けてた感じあったけど
でも巨人vsソフトバンクの日本シリーズになったらどっち応援すんの？お前らは,巨人
Twitterが山川擁護一色なのほんま怖い西武ファンでもないやつがネチネチ言ってるのがイラつくのは分かるけどにしてもやろ,だってあれ女が嘘ついてるのバレてるし
日ハムは9回になると打ち出すから怖いわうちの抑えが則本だったのもあるがただファンからしたら応援してて楽しいやろな,実際益田もハム戦12.80とかいうとんでもない数字だけど、他には普通に1点台だからなハムだけ守護神打ち込む確率があまりに高すぎる
セリーグはこのハムファンのノリ耐えれる？https://i.imgur.com/bTKohW9.jpeghttps://i.imgur.com/RPQdsyQ.jpeghttps://i.imgur.com/HW32mDI.jpeg,巨人と当たれば門脇もいるから…
セリーグはこのハムファンのノリ耐えれる？https://i.imgur.com/bTKohW9.jpeghttps://i.imgur.com/RPQdsyQ.jpeghttps://i.imgur.com/HW32mDI.jpeg,学会員に南無妙法蓮華経は応援でしかないだろ
昨日までの試合見りゃ分かるだろうけどシーズン中の相性なんてあてにならん,ロッテ大得意の加藤もハム大得意の沢村もどっちも打たれたな
いつかのハムソフトバンク戦で試合後の敗戦スレをソフトバンクアンチの奴に立てられて気付かずに伸ばしてたら途中で煽られてソフトバンクファンきれてたのは笑った,アンチが集合スレ立ててる方がよっぽどキモくないですか？
ワイホークスファン、ドジャース応援してるくせにホークスのことはボロクソに言うダブスタ野郎がムカつく,ドジャースから大谷強奪すればみんな応援してくれるで
べつにホークスファンではないけど理不尽に叩かれすぎだと思うわ強いだけなのに,山川を身内に引き入れて何言ってだ
小久保裕紀もイライラしてるで【#小久保監督】ーＣＳに向けて日本ハムに連敗は心配では？「連敗続いたら、次勝つでしょ。ていうか（ＣＳに）ハム来るかどうか分からんやんやないですか。みんなハム来る想定やけど。それはそれで全くの別物なんで」#sbhawks #日本ハム,これ質問がロッテにも失礼やろ
べつにホークスファンではないけど理不尽に叩かれすぎだと思うわ強いだけなのに,ホークス呼びしてる時点でね
だってあれ女が嘘ついてるのバレてるし,それでも不倫は不倫や
きのう暇やったから日ロ戦見たけどハムお抱えの実況ってあんなに喧しいんやな田中正義が三振取ったときの勢いやばかったわ,近藤よりましになったんちゃう近藤岩本とかのときホンマにミュートしてみてたわ
阿部慎之助は名前連呼するだけで面白いけど、ソフトバンクにそういうのないじゃん,&#128100;くらいやな
山川を身内に引き入れて何言ってだ,山川獲得が悪い意味わからんソフトバンクホークスって名前だけど？
いつかのハムソフトバンク戦で試合後の敗戦スレをソフトバンクアンチの奴に立てられて気付かずに伸ばしてたら途中で煽られてソフトバンクファンきれてたのは笑った,それはアンチがキモいだけや
いつかのハムソフトバンク戦で試合後の敗戦スレをソフトバンクアンチの奴に立てられて気付かずに伸ばしてたら途中で煽られてソフトバンクファンきれてたのは笑った,草
きのう暇やったから日ロ戦見たけどハムお抱えの実況ってあんなに喧しいんやな田中正義が三振取ったときの勢いやばかったわ,ベースボールライブでエスコン戦見た時解説に吐き気したわ喋り方といいなんか妙に馴れ馴れしいし
きのう暇やったから日ロ戦見たけどハムお抱えの実況ってあんなに喧しいんやな田中正義が三振取ったときの勢いやばかったわ,パリーグはノブオや大前もあんな感じやしそもそもセリーグも日テレと珍実況あんなんやん
ロッテファンに忠告しとくけどもし日ハム憎しから便器を応援するようなことがあれば5球団同盟から追放するからな？,勝手に同盟を組むな
ロッテファンに忠告しとくけどもし日ハム憎しから便器を応援するようなことがあれば5球団同盟から追放するからな？,きっしょ
セリーグはこのハムファンのノリ耐えれる？https://i.imgur.com/bTKohW9.jpeghttps://i.imgur.com/RPQdsyQ.jpeghttps://i.imgur.com/HW32mDI.jpeg,なんかすごい光沢を感じる
ホークス呼びしてる時点でね,ハムファン「ハム」ロッテファン「ロッテ」楽天ファン「楽天」オリファン「オリ」西武ファン「西武」SBファン「ホークス」セリーグとは違ってSBファン以外は企業名呼びなんだよな
横浜と日ハムファンって似てるよな自分達は応援されてる！みたいな主人公気取り他のファンからしたらどこが勝っても変わらねえし、ファンが調子乗らないチームの方がええわ,ちなみにファンが調子に乗らないチームって具体的にどこや？オリックスとか西武ぐらいしか思い浮かばなかったわ
ちなみにファンが調子に乗らないチームって具体的にどこや？オリックスとか西武ぐらいしか思い浮かばなかったわ,西武…？
今季のフトベンvsタマブラの実況スレ地獄で草やったわタマブラは弱すぎて実況に誰もおらんしフトベンはタマブラファンはどこ？ってなってるし何より試合がおもん無いし,集まるわけないそんなん
ロッテファンに忠告しとくけどもし日ハム憎しから便器を応援するようなことがあれば5球団同盟から追放するからな？,ホントはそんなのどうでもいいんでしょ？
セリーグはこのハムファンのノリ耐えれる？https://i.imgur.com/bTKohW9.jpeghttps://i.imgur.com/RPQdsyQ.jpeghttps://i.imgur.com/HW32mDI.jpeg,これは何のネタなんや？
いつかのハムソフトバンク戦で試合後の敗戦スレをソフトバンクアンチの奴に立てられて気付かずに伸ばしてたら途中で煽られてソフトバンクファンきれてたのは笑った,ハムんとこのガイジやろあれハムは今年からガイジ大量発生して普通に共用クソやったわ
ハムファン「ハム」ロッテファン「ロッテ」楽天ファン「楽天」オリファン「オリ」西武ファン「西武」SBファン「ホークス」セリーグとは違ってSBファン以外は企業名呼びなんだよな,ソフバン時代が略称やし
ハムファン「ハム」ロッテファン「ロッテ」楽天ファン「楽天」オリファン「オリ」西武ファン「西武」SBファン「ホークス」セリーグとは違ってSBファン以外は企業名呼びなんだよな,連覇中の飛び檻も相当やろ
セリーグはこのハムファンのノリ耐えれる？https://i.imgur.com/bTKohW9.jpeghttps://i.imgur.com/RPQdsyQ.jpeghttps://i.imgur.com/HW32mDI.jpeg,巨人ファンはこれやってないの
これは何のネタなんや？,そうか、そうか
ロッテファンに忠告しとくけどもし日ハム憎しから便器を応援するようなことがあれば5球団同盟から追放するからな？,まんこみたいやなコイツ
横浜が阪神ボコボコにしたのに煽りスレ全然なかったのみるとエッジって阪神ファンがほとんどなんだな,シーズン終了スレが1番長く残ってたからな
きのう暇やったから日ロ戦見たけどハムお抱えの実況ってあんなに喧しいんやな田中正義が三振取ったときの勢いやばかったわ,いうてうるさいだけで害はないからBS12がパの非地域系では一番偏ってる
なんかすごい光沢を感じる,マジやんけ目の錯覚って面白い
そうか、そうか,あーなるほどな
毎日便器逝くwwwwwうん公逝くwwwwwってスレ立ってめちゃくちゃになってたのがなんJ全盛時代やろ懐かしい気持ちになるわ,明日からいよいよそれが始まると思うと、ワクワク止まんねーわマジで
ワイホークスファン、ドジャース応援してるくせにホークスのことはボロクソに言うダブスタ野郎がムカつく,ワイはどっちも叩いてるから許して&#129730;
ハムファン「ハム」ロッテファン「ロッテ」楽天ファン「楽天」オリファン「オリ」西武ファン「西武」SBファン「ホークス」セリーグとは違ってSBファン以外は企業名呼びなんだよな,企業名で言おうとするとうっかりダイエーとか言っちゃうからやないか？
ワイホークスファン、ドジャース応援してるくせにホークスのことはボロクソに言うダブスタ野郎がムカつく,なんでわからんのや？便器ファンって8割が朝鮮の血が色濃く残っとる土人やん、そんな奴ら差別して当然や
ロッテファンに忠告しとくけどもし日ハム憎しから便器を応援するようなことがあれば5球団同盟から追放するからな？,これは『主人公』やな
ロッテファンに忠告しとくけどもし日ハム憎しから便器を応援するようなことがあれば5球団同盟から追放するからな？,水野とかいうの引退するまで叩いてやるから覚悟しとけ
ワイホークスファン、ドジャース応援してるくせにホークスのことはボロクソに言うダブスタ野郎がムカつく,自分たちをドジャースだと思っている精神異常者やん便器は福岡の田舎のチームだから強奪すると嫌われる、ドジャースは大谷がいるチームだから強奪して強くなったら喜ばれる悔しかったら大谷レベルの日本一のスタープレイヤーを強奪でもいいから産み出してみろよ
ハムファン「ハム」ロッテファン「ロッテ」楽天ファン「楽天」オリファン「オリ」西武ファン「西武」SBファン「ホークス」セリーグとは違ってSBファン以外は企業名呼びなんだよな,言うてヤクルト中日阪神も企業名よびやん
今季のフトベンvsタマブラの実況スレ地獄で草やったわタマブラは弱すぎて実況に誰もおらんしフトベンはタマブラファンはどこ？ってなってるし何より試合がおもん無いし,共用なのに便器連呼してる奴が何人もいたハム戦に比べたらどこも大したことないわ
いつかのハムソフトバンク戦で試合後の敗戦スレをソフトバンクアンチの奴に立てられて気付かずに伸ばしてたら途中で煽られてソフトバンクファンきれてたのは笑った,これだろほんと死んでくれ【配線】SBフォン集合http://bbs.eddibb.cc/test/read.cgi/liveedge/1727512514/
横浜が阪神ボコボコにしたのに煽りスレ全然なかったのみるとエッジって阪神ファンがほとんどなんだな,珍カスが惨め過ぎてみんな同情してた説
毎日便器逝くwwwwwうん公逝くwwwwwってスレ立ってめちゃくちゃになってたのがなんJ全盛時代やろ懐かしい気持ちになるわ,正直それが一番の楽しみまである
毎日便器逝くwwwwwうん公逝くwwwwwってスレ立ってめちゃくちゃになってたのがなんJ全盛時代やろ懐かしい気持ちになるわ,まああれ立ててたの数人なんだけどなエッヂでは主に一人
横浜が阪神ボコボコにしたのに煽りスレ全然なかったのみるとエッジって阪神ファンがほとんどなんだな,無職も多そうやしな
いうてうるさいだけで害はないからBS12がパの非地域系では一番偏ってる,BS12はビジター側の実況も置いてるからあえての偏りだろ
ハムファン「ハム」ロッテファン「ロッテ」楽天ファン「楽天」オリファン「オリ」西武ファン「西武」SBファン「ホークス」セリーグとは違ってSBファン以外は企業名呼びなんだよな,なんでかと思ったら６球団で唯一社名よりチーム名のほうが短いんやな
ワイホークスファン、ドジャース応援してるくせにホークスのことはボロクソに言うダブスタ野郎がムカつく,ドジャカスはタンパリングしてますか？&#128100;
福岡県民は日本人を名乗らないでほしいキモいんだよ,新庄「ふぁ！？」
BS12はビジター側の実況も置いてるからあえての偏りだろ,副音声あればセーフ論持ち出すならハム戦も問題なくなっちゃうけどいいのか？
ここ完全に主人公ムーブ新庄「クライマックスが始まる前に、伊藤くんを監督室に呼んで。『俺は日本シリーズに行くことしか考えてない。でも、ここ（ロッテ戦）で終わる可能性もある。（日程を）指さしてくれ』と。そしたら１秒もたたずに指さして『ここ行きます』って。ソフトバンクの１戦目。よし！　気持ちが一致した。『ありがとう』と」,モチベーターとしては凄腕なんやな新庄
横浜が阪神ボコボコにしたのに煽りスレ全然なかったのみるとエッジって阪神ファンがほとんどなんだな,もうスコアが最強の煽りやし&#128517;
副音声あればセーフ論持ち出すならハム戦も問題なくなっちゃうけどいいのか？,CSだけGAORAは副音声置いたけど普段は無いぞ
横浜が阪神ボコボコにしたのに煽りスレ全然なかったのみるとエッジって阪神ファンがほとんどなんだな,煽りスレ乱立してたがこうやって捏造していくんやな
巨人ファンだけど日本シリーズで巨人応援してる他球団ファンいたらドン引きするわ巨人なんて嫌われてなんぼだろ,日シリは別にどうでもええわパの奴が虚カス嫌う理由もないし
お前ら嫌いな球団多すぎん？ワイは11球団全部好きやけどな,選手単位なら応援しとるヤツ多いけど球団てなったら贔屓以外どうとでもエエってのが多数やろ
なんでかと思ったら６球団で唯一社名よりチーム名のほうが短いんやな,でも他球団ファンはソフトバンク呼びが多いんだわ　ソフトバンＳＢとか略すけどだからホークス呼びしてるとＳＢファンのレッテル貼られる
セリーグはこのハムファンのノリ耐えれる？https://i.imgur.com/bTKohW9.jpeghttps://i.imgur.com/RPQdsyQ.jpeghttps://i.imgur.com/HW32mDI.jpeg,エッジのノリに耐えられるやつならなんでも耐えられるやろ
ここ完全に主人公ムーブ新庄「クライマックスが始まる前に、伊藤くんを監督室に呼んで。『俺は日本シリーズに行くことしか考えてない。でも、ここ（ロッテ戦）で終わる可能性もある。（日程を）指さしてくれ』と。そしたら１秒もたたずに指さして『ここ行きます』って。ソフトバンクの１戦目。よし！　気持ちが一致した。『ありがとう』と」,ほんまに初戦取れたらあるで
また便器逝くwwwwwwwwwうん公逝くwwwwwwwwwwの煽り合いやろうや,ID無しじゃないと醍醐味が失われるやろあれ
ガチでイラついてる便器いて草呪術廻戦とか好きそう,これどういうこと
お前ら嫌いな球団多すぎん？ワイは11球団全部好きやけどな,チュニドラとタマブラどっちを省いた
これどういうこと,該当者一名ね
ロッテファンに忠告しとくけどもし日ハム憎しから便器を応援するようなことがあれば5球団同盟から追放するからな？,ワイのトッモのロッテファンはロッテの負けを望みはしないがロッテが進んでもソフトバンクにやられて得るものなかっただろうしハムに夢の続きは任せると言ってたで
2016あたりの便器うん公煽りってこんなもんじゃなかったやろ当時に比べたら今なんか全然大人しいわ,ID無いから普通のスレでは常識人なレスして便器うん公スレで大暴れしてキチゲ発散してたわ当時
ハムファンってなんでハムという球団が特別みんなから応援されてると思ってるんや別に普通やぞ,ハムファンや新庄に対するネガティブな意見見つけるとシュバってくる数がのほんま異常
これどういうこと,ムクニキやぞそいつ
ハムファンに「お前らも外様頼りのくせに」って言い返した気になってたの草生えたわ有原山川近藤オスナと山崎伏見郡司アリエルが同列に見えてるらしい,水谷とレイエスが抜けてるな
これだろほんと死んでくれ【配線】SBフォン集合http://bbs.eddibb.cc/test/read.cgi/liveedge/1727512514/,草
ここ完全に主人公ムーブ新庄「クライマックスが始まる前に、伊藤くんを監督室に呼んで。『俺は日本シリーズに行くことしか考えてない。でも、ここ（ロッテ戦）で終わる可能性もある。（日程を）指さしてくれ』と。そしたら１秒もたたずに指さして『ここ行きます』って。ソフトバンクの１戦目。よし！　気持ちが一致した。『ありがとう』と」,二人ともかっこよすぎるやろ
CSだけGAORAは副音声置いたけど普段は無いぞ,普段見ねえだろ
2016あたりの便器うん公煽りってこんなもんじゃなかったやろ当時に比べたら今なんか全然大人しいわ,単純になんj時代と比べて過疎ってるからな
ワイホークスファン、ドジャース応援してるくせにホークスのことはボロクソに言うダブスタ野郎がムカつく,別にNPBの歴史においてなんか貢献したわけでもないし全国ドサ回りもしないしただ強奪してリーグ優勝金で買ってる成金でしかないドジャースは歴史あるし&#128517;
ハムファンに「お前らも外様頼りのくせに」って言い返した気になってたの草生えたわ有原山川近藤オスナと山崎伏見郡司アリエルが同列に見えてるらしい,外様は外様やろ主力は強奪便りだろ、ならそらそうよっえ感じやが
チュニドラとタマブラどっちを省いた,どう考えても便器だろ
ハムファンに「お前らも外様頼りのくせに」って言い返した気になってたの草生えたわ有原山川近藤オスナと山崎伏見郡司アリエルが同列に見えてるらしい,同じじゃね
巨人ファンだけど日本シリーズで巨人応援してる他球団ファンいたらドン引きするわ巨人なんて嫌われてなんぼだろ,前回、前々回のときもパリーグ5球団は巨人応援してたやん便器の敵に回ったらみんな味方や
これだろほんと死んでくれ【配線】SBフォン集合http://bbs.eddibb.cc/test/read.cgi/liveedge/1727512514/,便器キモ過ぎて草普段から共用や集合でうん公とか言ってるから嫌われる本性出過ぎ
該当者一名ね,？自分の界隈で使われてる言葉が一般に通じると思わん方がええで障害者死ねやガイジあと便器じゃねぇよ障害者
ハムファンに「お前らも外様頼りのくせに」って言い返した気になってたの草生えたわ有原山川近藤オスナと山崎伏見郡司アリエルが同列に見えてるらしい,生え抜きじゃなかったら外様やろハムもこんなガイジが居着いて可哀想やな
ハムファンや新庄に対するネガティブな意見見つけるとシュバってくる数がのほんま異常,君セ・リーグしらんやろパのシュババなんて可愛いもんやセ・リーグで珍やハメ煽ろうもんなら下手すりゃidおっかけられて1日粘着くらうぞ
モチベーターとしては凄腕なんやな新庄,むしろそれだけやからな戦力整えた球団のおかげもあるし采配はぶっちゃけ微妙
福岡って仙台より微妙な都市なんか？なんで浅村は野球の実績豊富なソフトバンク行かずに仙台のクソ田舎に行くんやあんな寒いとこ何の魅力もないやん,石井一久に連れて行かれたんやろ知らんけど
2016あたりの便器うん公煽りってこんなもんじゃなかったやろ当時に比べたら今なんか全然大人しいわ,逸男煽りエグかったわ悪質さは&#128100;の方がすごいけど
ガシマン言うて西武でも干されてたし誰も欲しがらんかったやろ、それでも強奪なんか,欲しがらん、じゃなくてみえみえのタンパやったからやろ浅村の発言からして
ハムファンに「お前らも外様頼りのくせに」って言い返した気になってたの草生えたわ有原山川近藤オスナと山崎伏見郡司アリエルが同列に見えてるらしい,タンパリング同一リーグ強奪も広い意味で外様やからな
ムクニキやぞそいつ,ああ、ガチの障害者やったんかレス返してもうたわ
福岡県民は日本人を名乗らないでほしいキモいんだよ,もうこれだけでにわかってバレバレよな新庄の出身すら知らんのに地域煽るとか頭おかしいやろ福岡はアウトで長崎はセーフか？地域煽りとかほんまやめたほうがええよ
有原に関してはよく取ったしよく活躍したなって印象だわここでも有原獲得した時は絶対活躍せんって言われてたし,NPBのレベルの低さに哀しくなったよ
宝物ウザすぎるからソフバン応援するで&#128077;ガシマンブサイクギータから3連発喰らえや,ブサイクな柳田がガシマンしたみたいに見える書き方やめたれよ柳田は素晴らしい選手なんだから
もうこれだけでにわかってバレバレよな新庄の出身すら知らんのに地域煽るとか頭おかしいやろ福岡はアウトで長崎はセーフか？地域煽りとかほんまやめたほうがええよ,土人イライラで草
福岡って仙台より微妙な都市なんか？なんで浅村は野球の実績豊富なソフトバンク行かずに仙台のクソ田舎に行くんやあんな寒いとこ何の魅力もないやん,仙台より微妙なわけないだろ都市規模がぜんぜん違うわ比べるのも福岡に失礼、べつに福岡民ではないけど
こういう典型的なチー牛呪信好き呪術廻戦、完全に廃れるMWMWMWMWMWMWMWMWMWMWMWMWMWMWMW 11:エッヂの名無し 2024/10/08(火) 12:31:59.607 ID:i6sc7nlWAジュジュ牛連呼準備中74:エッヂの名無し 2024/10/08(火) 12:50:16.799 ID:i6sc7nlWAあっ準備中じゃなくてスレ立ててんのかこれ77:エッヂの名無し 2024/10/08(火) 12:51:18.329 ID:i6sc7nlWA腐ったカニの話しようぜ&#129408;149:エッヂの名無し 2024/10/08(火) 13:19:04.257 ID:i6sc7nlWA信者風アンチスレとかクソ寒いわ175:エッヂの名無し 2024/10/08(火) 13:25:54.083 ID:i6sc7nlWAどうでもいいからさっさと死ね209:エッヂの名無し 2024/10/08(火)13:32:54.043 ID:i6sc7nlWA黙れよテメェらみてぇなチー牛が呪術廻戦という名作を汚すな死ね死ね死ね死ね死ね死ね死ね,ちょっと解った事がある野球のスレで関係ない話を始める呪術廻戦のアンチが一番イライラしてる
ガシマン言うて西武でも干されてたし誰も欲しがらんかったやろ、それでも強奪なんか,タンパリング見え見えやったし手上げるとこなんかいてへんやろ禊でチュニドラとか言われとったけど
外様は外様やろ主力は強奪便りだろ、ならそらそうよっえ感じやが,「外様頼りだから叩かれてる」と思ってるとこが滑稽なんよ実際に叩かれてる理由は入団の経緯が終わってる奴ら揃いだからなのに
ちな巨だけど今の巨人はFAでフラれまくってるし最後にとったの3年前の井納と梶谷やしなあもうドラフトと自前の助っ人でなんとかするしかない普通の東京のチームやまあ過去にやってきた邪悪帝国路線は否定しようがないんやけどなブヘヘヘヘ,きも
NPBのレベルの低さに哀しくなったよ,まあそれはある
欲しがらん、じゃなくてみえみえのタンパやったからやろ浅村の発言からして,タンパの有無は知らんがガシマン欲しかったか？
仙台より微妙なわけないだろ都市規模がぜんぜん違うわ比べるのも福岡に失礼、べつに福岡民ではないけど,仙台福岡以上に差がある名古屋に福岡人はライバル意識持ってんじゃんw
新庄は采配はそこまでやないとは思うがモチベーターとしては最強クラスやなけど監督代わると次の監督はやる気引き出すの大変ちゃうか,今年のオリックスみたいに主力になった中堅どころが栗山政権末期レベルの腐ったみかん化しそう
有原に関してはよく取ったしよく活躍したなって印象だわここでも有原獲得した時は絶対活躍せんって言われてたし,なんGでも馬鹿にする声の方が多かったな
NPBのレベルの低さに哀しくなったよ,そこに関しては本当にそうメジャーで門前払いレベルが日本で最多勝ならプロ野球ってなんだよっつーね
ちょっと解った事がある野球のスレで関係ない話を始める呪術廻戦のアンチが一番イライラしてる,一番イライラしとるのはやろなw
仙台より微妙なわけないだろ都市規模がぜんぜん違うわ比べるのも福岡に失礼、べつに福岡民ではないけど,なら仙台は福岡の下位互換だなあんなとこ住みたい奴いるのが変だろ地震で一度逝ったし
土人イライラで草,西日本短大付属高校からプロ入りくらい知ってるやろ…この間も甲子園観に来てたやんけ…
煽りカス「うん公www便器wwwww」エスコン商品担当「はい便器ソフト一丁！」https://dec.2chan.net/up2/src/fu4120019.jpeg煽りカス「」,クソフト便器放糞が実体化するとは
NPBのレベルの低さに哀しくなったよ,まだどこに行くかわからんけど上沢はどうなるやろね
ハァンはハムとバンクも応援しないし、ワイらのアイドル佐々木千隼がいる横浜応援やぞ,巨人に勝てる未来が見えない
まだどこに行くかわからんけど上沢はどうなるやろね,ヤクルトならエースやな
クリフトでええやろもう,ブライもいるしパリーグドラクエⅣ説ある
&#128100;「ハムはワーワーするだけ」,正直これがあるから負けてレイプ目になってる近藤見たいわ
ブライもいるしパリーグドラクエⅣ説ある,ならアリーナはどこや？
「外様頼りだから叩かれてる」と思ってるとこが滑稽なんよ実際に叩かれてる理由は入団の経緯が終わってる奴ら揃いだからなのに,入団の経緯の話にすり替えるのやめてな
西日本短大付属高校からプロ入りくらい知ってるやろ…この間も甲子園観に来てたやんけ…,煽りカスが知ってるわけないやろ
巨人ファンだけど日本シリーズで巨人応援してる他球団ファンいたらドン引きするわ巨人なんて嫌われてなんぼだろ,巨人なんか日本シリーズ8連敗してる雑魚やんもはや嫉妬もされん盟主交代や
仙台福岡以上に差がある名古屋に福岡人はライバル意識持ってんじゃんw,名古屋と福岡はそんなに変わらんだろ若干名古屋が上程度
今のエッヂって首位争い球団の煽り合いじゃなくて最下位に沈んでる暗黒球団を馬鹿にしまくるのがトレンドよね良いのか悪いのかは分からんがとにかく今はそれが一番盛り上がる,中日は打たれ強かったけど西武ファンは殆ど居なくなったから良くないわ
&#128526;「CSファイナル初戦には絶対伊藤くんを投げさせるぞ！」&#128100;「エースの有原を予定通り投げさせるばい！」CSファイナルで初戦勝ったチームの突破率セ：68.8％(11/16)パ：94.1%(16/17)もしかして健常者？,小久保がアホなだけや
今のエッヂって首位争い球団の煽り合いじゃなくて最下位に沈んでる暗黒球団を馬鹿にしまくるのがトレンドよね良いのか悪いのかは分からんがとにかく今はそれが一番盛り上がる,西武が100敗狙えた時期は毎日スレ伸びてたな狙えなくなった途端にパタンとスレ立たなくなったｗ
入団の経緯の話にすり替えるのやめてな,すり替え&#129300;ワイは「ハムはソフトバンクと違って外様に頼ってない」なんて一言も言ってないが…
でもXだとロッテファンとソフトバンクファン結託しとるで昨日の宝物の拍手からハム倒そうぜってロッテファンとソフトバンクファンの絆が深まっとるからX見てみ他は知らんけど少なくともロッテファンはハム応援するならソフトバンク応援するってXで決意表明しとるぞ,-465ソフトバンクが仲間作ろうとしてるのはわかるけどそんな極極一部が全てみたいに言われてもな
でもXだとロッテファンとソフトバンクファン結託しとるで昨日の宝物の拍手からハム倒そうぜってロッテファンとソフトバンクファンの絆が深まっとるからX見てみ他は知らんけど少なくともロッテファンはハム応援するならソフトバンク応援するってXで決意表明しとるぞ,/3くらいじゃね
中日は打たれ強かったけど西武ファンは殆ど居なくなったから良くないわ,中日ファンは自分で言ってるからしゃあない強いとかそういうのと違う気がするわ
&#128526;「CSファイナル初戦には絶対伊藤くんを投げさせるぞ！」&#128100;「エースの有原を予定通り投げさせるばい！」CSファイナルで初戦勝ったチームの突破率セ：68.8％(11/16)パ：94.1%(16/17)もしかして健常者？,有原プライドの塊やから順番下げたりしたらモチベ最低になる
西武が100敗狙えた時期は毎日スレ伸びてたな狙えなくなった途端にパタンとスレ立たなくなったｗ,途中まで歴史的な負け数やったからな
&#128526;「CSファイナル初戦には絶対伊藤くんを投げさせるぞ！」&#128100;「エースの有原を予定通り投げさせるばい！」CSファイナルで初戦勝ったチームの突破率セ：68.8％(11/16)パ：94.1%(16/17)もしかして健常者？,それってアドバンテージある方がエース温存できてるからそれで当てて突破しただけの確率やろ
&#128526;「CSファイナル初戦には絶対伊藤くんを投げさせるぞ！」&#128100;「エースの有原を予定通り投げさせるばい！」CSファイナルで初戦勝ったチームの突破率セ：68.8％(11/16)パ：94.1%(16/17)もしかして健常者？,バカには難しいかもやけど1位2位で突破率に差があるんやから初戦勝った場合の突破率だけ見てもなんも意味ないぞ
もつれたら伊藤2回先発出来る？,初戦投げた投手は中5日で6戦目やろな最後まで行けば有原伊藤のマッチアップでハム2勝はあり得る
もつれたら伊藤2回先発出来る？,が歴史的な打線だったのに2024で歴史的な打線になったらそら野球おもんないやろな中日ファンは良くも悪くも10年ぐらい似たようなもんやろ
ソフトバンクは地味に中継ぎがやばいで藤井と松本おらんしオスナはクソ,投手も野手も怪我人多過ぎやし普通に戦力足りてないわな
中日は打たれ強かったけど西武ファンは殆ど居なくなったから良くないわ,というかたぶん西武ファンはエッヂ移住失敗してるやろ最初からおらんかった気がする
-465ソフトバンクが仲間作ろうとしてるのはわかるけどそんな極極一部が全てみたいに言われてもな,クソみてえな安価の飛ばし方すんなやガイジ
巨人に勝てる未来が見えない,そこは頑張ってくれよせっかくポランコ、メルセデス、石川慎吾、澤村強奪して弱体化させてるんやから&#128548;
投手も野手も怪我人多過ぎやし普通に戦力足りてないわな,よっしゃあ！ライデル獲得ぅ！
ワイは鷲やけどソフトバンク贔屓に見るかな極論目指すべきはソフトバンクみたいなチームだと思ってるし別にあのチーム強奪だけじゃなくて生え抜き育成とかそこら辺の環境投資もしてるから感情論抜いたら叩くとこないと思ってる,そらちょっと前まで強奪する側やったしな
パリーグの嫌われ度って便器&gt;&gt;&gt;ハム&gt;西武&gt;オリ&gt;ロッテ&gt;楽天って感じ？,こいつロッテファン？
パリーグの嫌われ度って便器&gt;&gt;&gt;ハム&gt;西武&gt;オリ&gt;ロッテ&gt;楽天って感じ？,楽天って西武からあり得んほど強奪したのにいつの間にか空気になったんやな
すり替え&#129300;ワイは「ハムはソフトバンクと違って外様に頼ってない」なんて一言も言ってないが…,じゃあ君の言った｢同列に見えてるらしい｣の意味について解説してくれや外様と生え抜きという意味なら同列だろというのがワイの意見やけど
ムクニキやぞそいつ,件の呪信くんで草世間から呪術廻戦とかいう駄作が忘れられて可哀想&#129402;
楽天って西武からあり得んほど強奪したのにいつの間にか空気になったんやな,弱けりゃアンチは減るソフトバンクも万年最下位なら叩かれないよ
https://i.imgur.com/YDK12Fp.jpeg,またも日本一を味わえないもよう
https://i.imgur.com/YDK12Fp.jpeg,6年前に便器が行ったやん
前回、前々回のときもパリーグ5球団は巨人応援してたやん便器の敵に回ったらみんな味方や,去年のCSとオールスター前の大型連敗のひませんが答えなんだよね&#129402;
ソフトバンクの選手で他球団贔屓の人がファンになる選手もういないからな柳田ももうアレやしほんまに身内のオナニーでしかない,いい選手なのは間違いないんやけど小粒にまとまった選手みたいなのが増えたなこれリーグ全体でもそんな感じするけど
2013日シリはパ専が楽天アンチだらけやったけどあれはレギュラーシーズンの絆ゾーンに対して怒ってたんやっけ,日本シリーズも結構誤審あったしね…
楽天って西武からあり得んほど強奪したのにいつの間にか空気になったんやな,ありえんほど(岸と浅村)
というか今年のパリーグ全く存在感なかったしなテレビの露出も減ってるしスター選手もいないから本格的に佐々木朗希いなくなったらオワコン,パリーグが6月で終わるのは来年も変わらんやろうなCSは一発勝負やからまだ解らんけど伊藤が負けたらそれも無くなるから責任重大や
やっぱり自前のスター選手がね…勝てば良いってもんじゃないのよ興行は,ソフトバンクも生え抜きでええ選手がゴロゴロおった黄金期はそんな叩かれてなかったしな
ロッテだけ強烈なアンチついてるけどあれなにもんなん？ロッチョン連呼してるやつ,黒木ちゃうん？
黒木ちゃうん？,黒木はエッジ入れん
ロッテだけ強烈なアンチついてるけどあれなにもんなん？ロッチョン連呼してるやつ,そんなのは割とどこにでもいる100敗ガイジとか水ガイとか
ありえんほど(岸と浅村),鈴木大地さんもやあの時楽天はやる気あった
同じ外様多くてもハムは他ファンが知ってる生え抜きの名前ゴロゴロ出てくるんよねその点セファンが便器で知ってる選手って有原近藤山川柳田くらいやろ,今宮知らんとかマジ？
日本シリーズも結構誤審あったしね…,そういや誤審あったね…2試合目の一塁塁審のアレ
同じ外様多くてもハムは他ファンが知ってる生え抜きの名前ゴロゴロ出てくるんよねその点セファンが便器で知ってる選手って有原近藤山川柳田くらいやろ,ただのにわかで草
でも巨人vsソフトバンクの日本シリーズになったらどっち応援すんの？お前らは,便器よりはやっぱ90周年の巨人やなあ
じゃあ君の言った｢同列に見えてるらしい｣の意味について解説してくれや外様と生え抜きという意味なら同列だろというのがワイの意見やけど,ホカウン宝物は同一リーグからのバッテリー引き抜きも「愛される球団だから選手が望んで来てくれた」と考えてるから補強とは別扱いらしいで
まああれ立ててたの数人なんだけどなエッヂでは主に一人,多田野なにやっとんねん
鈴木大地さんもやあの時楽天はやる気あった,鈴木大地さんって西武所属だったんだな
黒木はエッジ入れん,えぇ…確かに見かけないなと思ったけどあいつ認証出来ないんか…
楽天って西武からあり得んほど強奪したのにいつの間にか空気になったんやな,横浜→巨人のほうが多いぞ
便器　嫌われ者ハム　主人公ロッテ　千葉ロッテマリーンズ楽天　心中お察ししますオリ　知らんタマブラ　知らん今の12球団の評判はこんな感じやな,今江解任についての地元アンケートで「理解できる」が一桁%だったのほんま草
じゃあ君の言った｢同列に見えてるらしい｣の意味について解説してくれや外様と生え抜きという意味なら同列だろというのがワイの意見やけど,ガイジの相手疲れるわ…ワイが見たホークスファン「ハムも外様頼りだろ！」↓これは「ハムもホークスも同じ外様頼りなのに何でホークスだけ叩かれるんだ」という考えじゃないと出てこない↓タンパリングやガシマンFA、有原式でかき集めたことについては何も悪いと思っていないのが滑稽これで分かるか？ハムもホークスも外様頼りってのは前提やねん
今宮知らんとかマジ？,チャンテでハゲをいじられてる人？
多田野なにやっとんねん,noteでハムアンチやっとる
パでここの民度1番いいのは楽天やと思うわ 現地も絶命が1番牧歌的な雰囲気がある 東北の人は大人しいわ,文字通り絶命してるだけな気もする
ソフバン日ハムで福岡煽るとか野球興味ありませんよって言ってるようなもんやろ,便さん？
鈴木大地さんもやあの時楽天はやる気あった,あんなに強奪しまくってGMとしても監督としても結果残せなかった石井一久さんって派手にうんこよな三木やら今江なんか凡夫でしかない
パでここの民度1番いいのは楽天やと思うわ 現地も絶命が1番牧歌的な雰囲気がある 東北の人は大人しいわ,黒木がXに河岸変えたからな
横浜→巨人のほうが多いぞ,普通の転職感覚でFAしてそうだよな。横浜→東京なら引っ越す必要すらないお手軽FAや
でも巨人vsソフトバンクの日本シリーズになったらどっち応援すんの？お前らは,出てほしくないが、どうせなら前回巨人とやった時みたいに便器が圧勝して糞つまらんシリーズにしてくれ
なんでID:ceONBrmfvみたいな宝物ってセとか他球団に擦り寄るんやろ,嫌われてる自覚があるからやろ
わい的にはハムでも便器でもええから巨人に勝ち星を与えんかったらなんでもええわ,横浜を応援しろよ！
パでここの民度1番いいのは楽天やと思うわ 現地も絶命が1番牧歌的な雰囲気がある 東北の人は大人しいわ,浅村が移籍して来た辺りは西武ロッテとバチバチやったよな今こそ落ち着いてるけど
